Workbook

Sheet Scouting
A1: Field | B1: Date | C1: Stage | D1: Height_cm | E1: Prev_Height_cm | F1: Days_Since_Last | G1: Internode_mm | H1: NAWF | I1: Vigor_1to5 | J1: SoilK_Class | K1: LeafK_Status | L1: Fruit_Load_Score | M1: MaxTemp_C | N1: ET0_mm | O1: Growth_cm_per_day | P1: PGR_Vigor_Index | Q1: PGR_Intensity | R1: PGR_Effect | S1: Actual_Growth_cm | T1: NoPGR_Growth_cm | U1: NoPGR_Height_cm | V1: Height_Controlled_cm | W1: K_Demand | X1: K_Supply | Y1: K_Runaway_Index | Z1: K_Recommendation | AA1: Kc | AB1: Water_mm_Day | AC1: Rx380_Rate_mLha | AD1: Pix_Rate_mLha
A2: Block A | B2: 2025-12-01 | C2: First flower | D2: 80 | E2: 65 | F2: 5 | G2: 32 | H2: 8 | I2: 4 | J2: Med | K2: Borderline | L2: 3 | M2: 36 | N2: 6 | O2: =IFERROR((D2-E2)/F2,0) | P2: =IF(G2>30,3,IF(G2>25,2,IF(G2>20,1,0)))+IF(O2>3,3,IF(O2>2,2,IF(O2>1,1,0)))+IF(I2>=4,3,IF(I2=3,2,IF(I2=2,1,0)))+IF(M2>=38,3,IF(M2>=34,2,IF(M2>=30,1,0))) | Q2: =IF(OR(C2="Pre-square",C2="Late"),0, IF(C2="Early square", IF(P2>=9,1,0), IF(C2="First flower", IF(P2>=11,3, IF(P2>=8,2, IF(P2>=6,1,0))), IF(C2="Peak bloom", IF(AND(H2>6,P2>=9),2, IF(AND(H2>6,P2>=7),1,0)), 0)))) | R2: =IF(Q2=0,0,IF(Q2=1,0.2,IF(Q2=2,0.35,0.5))) | S2: =IFERROR(D2-E2,0) | T2: =IF(R2=0,S2,IF(1-R2<=0,S2,S2/(1-R2))) | U2: =IF(E2="",D2,U1+T2) | V2: =MAX(0,U2-D2) | W2: =IF(C2="Pre-square",0,IF(C2="Early square",1,IF(C2="First flower",2,IF(C2="Peak bloom",3,IF(C2="Late",1,0)))))+IF(L2=3,2,IF(L2=2,1,0))+IF(M2>=38,2,IF(M2>=34,1,0))+IF(O2>3,2,IF(O2>2,1,0)) | X2: =IF(J2="Low",2,IF(J2="Med",1,0))+IF(K2="Low",2,IF(K2="Borderline",1,0)) | Y2: =W2+X2 | Z2: =IF(Y2<=3,"K OK – no foliar needed",IF(Y2<=6,"Moderate K risk – plan foliar K with next spray",IF(Y2<=9,"High K risk – foliar K this week","Severe K runaway – urgent foliar K and review soil K"))) | AA2: =IF(C2="Pre-square",0.35,IF(C2="Early square",0.75,IF(C2="First flower",1.05,IF(C2="Peak bloom",1.15,IF(C2="Late",0.7,1.0))))) | AB2: =N2*AA2 | AC2: =IFERROR(VLOOKUP(Q2,PGR_Setup!$A$2:$C$5,2,FALSE),0) | AD2: =IFERROR(VLOOKUP(Q2,PGR_Setup!$A$2:$C$5,3,FALSE),0)

Sheet PGR_Setup
A1: PGR_Intensity | B1: Rx380_mLha | C1: Pix_mLha
A2: 0 | B2: 0 | C2: 0
A3: 1 | B3: 40 | C3: 60
A4: 2 | B4: 80 | C4: 100
A5: 3 | B5: 120 | C5: 150

Sheet Weather_Raw
A1: Time | B1: Temp_C | C1: RH_pct | D1: ET0_mm | E1: Rain_mm | F1: Notes

Sheet Actions_Log
A1: Date | B1: Field | C1: Product | D1: Rate_mLha | E1: Type | F1: Notes

Sheet Calendar
A1: Field | B1: Date | C1: Stage | D1: Height_cm | E1: NoPGR_Height_cm | F1: Height_Controlled_cm | G1: PGR_Intensity | H1: Rx380_mLha | I1: Pix_Rate_mLha | J1: K_Runaway_Index | K1: K_Recommendation | L1: Water_mm_Day
A2: Block A | B2: 2025-12-01 | C2: =IFERROR(INDEX(Scouting!$C:$C,MATCH(1,(Scouting!$A:$A=$A2)*(Scouting!$B:$B=$B2),0)),"") | D2: =IFERROR(INDEX(Scouting!$D:$D,MATCH(1,(Scouting!$A:$A=$A2)*(Scouting!$B:$B=$B2),0)),"") | E2: =IFERROR(INDEX(Scouting!$U:$U,MATCH(1,(Scouting!$A:$A=$A2)*(Scouting!$B:$B=$B2),0)),"") | F2: =IFERROR(INDEX(Scouting!$V:$V,MATCH(1,(Scouting!$A:$A=$A2)*(Scouting!$B:$B=$B2),0)),"") | G2: =IFERROR(INDEX(Scouting!$Q:$Q,MATCH(1,(Scouting!$A:$A=$A2)*(Scouting!$B:$B=$B2),0)),"") | H2: =IFERROR(INDEX(Scouting!$AC:$AC,MATCH(1,(Scouting!$A:$A=$A2)*(Scouting!$B:$B=$B2),0)),"") | I2: =IFERROR(INDEX(Scouting!$AD:$AD,MATCH(1,(Scouting!$A:$A=$A2)*(Scouting!$B:$B=$B2),0)),"") | J2: =IFERROR(INDEX(Scouting!$Y:$Y,MATCH(1,(Scouting!$A:$A=$A2)*(Scouting!$B:$B=$B2),0)),"") | K2: =IFERROR(INDEX(Scouting!$Z:$Z,MATCH(1,(Scouting!$A:$A=$A2)*(Scouting!$B:$B=$B2),0)),"") | L2: =IFERROR(INDEX(Scouting!$AB:$AB,MATCH(1,(Scouting!$A:$A=$A2)*(Scouting!$B:$B=$B2),0)),"")
